epoch,time,train/box_loss,train/seg_loss,train/cls_loss,train/dfl_loss,train/sem_loss,metrics/precision(B),metrics/recall(B),metrics/mAP50(B),metrics/mAP50-95(B),metrics/precision(M),metrics/recall(M),metrics/mAP50(M),metrics/mAP50-95(M),val/box_loss,val/seg_loss,val/cls_loss,val/dfl_loss,val/sem_loss,lr/pg0,lr/pg1,lr/pg2
1,128.917,0.84271,2.59761,3.71351,1.49756,0,0,0,0,0,0,0,0,0,1.58536,5.48544,4.35941,3.36862,0,0.000615385,0.000615385,0.000615385
2,219.906,0.8615,2.36901,1.52072,1.61403,0,0.41834,0.44311,0.3776,0.13329,0.36073,0.3125,0.19071,0.04748,2.36319,10.0225,2.69692,8.1103,0,0.00115513,0.00115513,0.00115513
3,317.074,0.98676,2.46963,1.99374,1.7589,0,0.32941,0.5,0.2623,0.08124,0.27647,0.41964,0.18298,0.04603,1.78031,6.03495,91.4626,5.72373,0,0.00156287,0.00156287,0.00156287
4,390.551,0.91116,2.00005,1.25502,1.66492,0,0.32852,0.74107,0.59341,0.17028,0.26453,0.59821,0.32099,0.06976,2.01163,6.02403,10.1836,4.46172,0,0.001406,0.001406,0.001406
5,462.046,0.85018,2.02196,1.03699,1.5683,0,0.84076,0.83929,0.88563,0.56842,0.72941,0.86607,0.77443,0.34866,1.05383,3.42428,1.42322,2.24712,0,0.001208,0.001208,0.001208
6,533.27,0.76974,1.81353,0.76241,1.47727,0,0.96411,0.96429,0.98677,0.74469,0.95518,0.95536,0.97074,0.60857,0.88484,2.10329,1.24883,1.82678,0,0.00101,0.00101,0.00101
7,604.557,0.68416,1.67245,0.6594,1.40241,0,0.98018,0.94643,0.9814,0.65252,0.9312,0.90179,0.91584,0.546,0.94966,2.02028,0.97134,1.72406,0,0.000812,0.000812,0.000812
8,680.206,0.66234,1.83304,0.69662,1.36581,0,0.96765,0.92857,0.9771,0.71725,0.96765,0.92857,0.96692,0.66038,0.88309,1.65921,0.77841,1.59641,0,0.000614,0.000614,0.000614
9,755.773,0.59111,1.64686,0.63047,1.29356,0,0.97208,0.94643,0.98277,0.74812,0.96291,0.9375,0.97044,0.68535,0.82278,1.60308,0.76855,1.46998,0,0.000416,0.000416,0.000416
10,824.723,0.61739,1.56144,0.60449,1.28707,0,0.9873,0.96429,0.99021,0.81062,0.978,0.95536,0.97184,0.70672,0.67063,1.59147,0.65008,1.26436,0,0.000218,0.000218,0.000218
